City_ID,City,Lat,Lng,Max Temp,Humidity,Cloudiness,Wind Speed,Country,Date
0,sao joao do paraiso,-15.3136,-42.0144,30.22,31,0,5.75,BR,1715193478
1,margaret river,-33.95,115.0667,17.45,48,100,4.94,AU,1715193748
2,hadibu,12.65,54.0333,29.62,72,2,1.14,YE,1715193748
3,tsiombe,-25.3,45.4833,21.36,83,0,3.06,MG,1715193748
4,wailua homesteads,22.0669,-159.378,26.24,82,100,4.63,US,1715193748
5,mikuni,36.2171,136.1519,9.95,70,100,6.34,JP,1715193749
6,tiksi,71.6872,128.8694,-9.37,95,63,3.24,RU,1715193749
7,edinburgh of the seven seas,-37.0676,-12.3116,14.32,67,35,10.7,SH,1715193749
8,ushuaia,-54.8,-68.3,3.79,81,20,0.51,AR,1715193674
9,reguiba,33.5639,6.7033,23.03,43,50,5.14,DZ,1715193749
10,machico,32.7,-16.7667,22.62,86,40,2.57,PT,1715193749
11,ust-nera,64.5667,143.2,1.26,82,100,0.19,RU,1715193749
12,ilulissat,69.2167,-51.1,-2.99,74,75,5.14,GL,1715193749
13,hammerfest,70.6634,23.6821,3.25,48,0,5.14,NO,1715193749
14,albany,42.6001,-73.9662,26.0,70,7,0.45,US,1715193749
15,hamilton,39.1834,-84.5333,29.58,52,0,2.06,US,1715193749
16,port-aux-francais,-49.35,70.2167,4.89,74,81,7.52,TF,1715193749
17,avarua,-21.2078,-159.775,28.03,89,75,4.12,CK,1715193749
18,atafu village,-8.5421,-172.5159,29.58,75,31,5.31,TK,1715193749
19,ribeira grande,38.5167,-28.7,19.32,72,40,7.72,PT,1715193749
20,west island,-12.1568,96.8225,26.99,78,40,5.14,CC,1715193749
21,grytviken,-54.2811,-36.5092,-3.45,69,6,3.06,GS,1715193750
22,saint-pierre,-21.3393,55.4781,23.82,64,0,8.75,RE,1715193750
23,kenai,60.5544,-151.2583,7.05,65,100,5.14,US,1715193750
24,wanganui,-39.9333,175.05,7.87,77,99,3.41,NZ,1715193750
25,newman,37.3138,-121.0208,21.7,36,0,10.28,US,1715193750
26,udachny,66.4167,112.4,-6.97,89,40,2.93,RU,1715193750
27,mamfe,5.754,9.3123,25.97,86,63,0.88,CM,1715193750
28,kismayo,-0.3582,42.5454,26.7,86,100,7.62,SO,1715193750
29,waitangi,-43.9535,-176.5597,8.79,83,100,3.99,NZ,1715193750
30,hermanus,-34.4187,19.2345,10.45,78,0,2.41,ZA,1715193678
31,tazovsky,67.4667,78.7,-14.27,98,69,3.13,RU,1715193750
32,saipan,15.1355,145.701,28.39,78,40,6.17,MP,1715193750
33,bethel,41.3712,-73.414,28.81,64,40,3.6,US,1715193671
34,puerto ayora,-0.7393,-90.3518,26.98,95,100,0.45,EC,1715193750
35,vilyuchinsk,52.9306,158.4028,1.63,82,100,3.16,RU,1715193750
36,sola,-13.8833,167.55,26.7,69,100,8.5,VU,1715193750
37,thompson,55.7435,-97.8558,10.09,53,40,3.09,CA,1715193739
38,flying fish cove,-10.4217,105.6791,25.82,94,100,4.12,CX,1715193750
39,north bay,46.3168,-79.4663,10.01,93,100,4.63,CA,1715193635
40,puerto natales,-51.7236,-72.4875,0.25,100,100,2.06,CL,1715193750
41,mumford,5.2618,-0.759,28.78,80,95,4.87,GH,1715193750
42,uturoa,-16.7333,-151.4333,27.51,78,74,6.93,PF,1715193750
43,sirte,31.2089,16.5887,20.25,72,0,7.55,LY,1715193750
44,puerto baquerizo moreno,-0.9,-89.6,28.55,65,40,8.75,EC,1715193730
45,blackmans bay,-43.0167,147.3167,10.41,96,79,2.02,AU,1715193751
46,papatowai,-46.5619,169.4708,3.14,84,11,2.67,NZ,1715193751
47,cape town,-33.9258,18.4232,15.51,71,0,3.6,ZA,1715193512
48,invercargill,-46.4,168.35,0.01,95,9,1.34,NZ,1715193751
49,st. john's,47.5649,-52.7093,6.55,91,100,8.23,CA,1715193751
50,polyarnyy,69.1989,33.4478,-3.77,78,88,1.74,RU,1715193751
51,agropoli,40.3469,14.9966,17.27,94,100,1.22,IT,1715193751
52,puente alto,-33.6167,-70.5833,15.27,53,0,1.54,CL,1715193406
53,neunkirchen,49.35,7.1833,16.86,58,0,1.54,DE,1715193751
54,london,51.5085,-0.1257,20.1,61,75,5.14,GB,1715193340
55,laguna,38.421,-121.4238,23.39,26,0,10.29,US,1715193751
56,tete,-16.1564,33.5867,29.05,48,20,2.06,MZ,1715193751
57,isafjordur,66.0755,-23.124,2.05,74,4,4.64,IS,1715193751
58,ghormach,35.7306,63.7826,25.52,41,6,2.05,AF,1715193751
59,lazaro cardenas,17.9583,-102.2,28.29,61,14,4.45,MX,1715193664
60,tchibanga,-2.85,11.0333,24.47,97,100,1.64,GA,1715193751
61,coxim,-18.5067,-54.76,35.61,30,100,2.93,BR,1715193751
62,lincoln city,44.9582,-124.0179,16.09,78,6,8.94,US,1715193751
63,ciudad madero,22.2667,-97.8333,37.11,49,75,4.19,MX,1715193751
64,tarawa,1.419,172.984,28.05,83,40,3.6,KI,1715193751
65,stanley,54.868,-1.6985,15.43,72,20,4.63,GB,1715193453
66,alice springs,-23.7,133.8833,10.75,71,0,3.09,AU,1715193752
67,sur,22.5667,59.5289,34.15,41,90,2.35,OM,1715193752
68,luderitz,-26.6481,15.1594,17.1,70,0,6.66,NA,1715193752
69,adamstown,-25.066,-130.1015,22.0,79,100,3.71,PN,1715193752
70,longyearbyen,78.2186,15.6401,0.91,64,20,3.6,SJ,1715193752
71,dehloran,32.6941,47.2679,23.46,33,0,3.43,IR,1715193752
72,port mathurin,-19.6833,63.4167,25.57,67,90,12.05,MU,1715193752
73,rapla,59.0072,24.7928,4.71,58,97,0.34,EE,1715193752
74,vershino-darasunskiy,52.35,115.5167,3.33,40,74,0.83,RU,1715193752
75,hawaiian paradise park,19.5933,-154.9731,24.94,84,100,1.54,US,1715193752
76,yellowknife,62.456,-114.3525,14.12,59,20,4.12,CA,1715193752
77,puerto yuca,2.9383,-73.2083,27.64,87,100,1.4,CO,1715193752
78,sinabang,2.4803,96.3801,26.96,85,43,1.68,ID,1715193752
79,colonia,50.9333,6.95,16.65,68,0,5.14,DE,1715193752
80,natal,-5.795,-35.2094,31.36,70,75,7.2,BR,1715192904
81,rongelap,11.1635,166.8941,26.93,78,100,9.18,MH,1715193752
82,calingasta,-31.3308,-69.4078,17.63,10,1,0.43,AR,1715193752
83,sao joao da barra,-21.6403,-41.0511,31.05,85,0,5.05,BR,1715193752
84,qaqortoq,60.7167,-46.0333,2.52,61,100,1.43,GL,1715193752
85,college,64.8569,-147.8028,10.6,77,75,1.54,US,1715193752
86,farafangana,-22.8167,47.8333,22.8,85,31,3.99,MG,1715193752
87,ad dabbah,18.05,30.95,28.8,8,100,4.91,SD,1715193752
88,albertina,-22.2008,-46.6158,26.4,47,4,3.75,BR,1715193752
89,port lincoln,-34.7333,135.8667,15.21,81,87,5.2,AU,1715193753
90,zaozersk,69.4005,32.4476,-6.49,86,100,2.46,RU,1715193753
91,lata,40.1629,-8.3327,27.49,33,28,0.77,PT,1715193753
92,kununurra,-15.7667,128.7333,18.99,77,0,1.54,AU,1715193716
93,bredasdorp,-34.5322,20.0403,13.21,81,0,0.24,ZA,1715193753
94,thief river falls,48.1191,-96.1812,19.53,55,75,5.14,US,1715193753
95,ancud,-41.8697,-73.8203,10.09,82,100,7.23,CL,1715193753
96,bilibino,68.0546,166.4372,-4.55,91,100,1.14,RU,1715193753
97,la plata,-34.9215,-57.9545,16.69,60,7,8.07,AR,1715193467
98,robertson,36.5167,-86.8667,26.96,82,40,3.6,US,1715193753
99,undurkhaan,47.3194,110.6556,11.16,22,100,0.1,MN,1715193753
100,orangeville,43.9168,-80.0997,15.72,91,100,7.99,CA,1715193753
101,kalabo,-14.97,22.6814,20.85,30,84,3.16,ZM,1715193753
102,howrah,22.5892,88.3103,27.0,83,40,2.57,IN,1715193753
103,namie,37.4833,141.0,9.29,90,100,2.75,JP,1715193753
104,el granada,37.5027,-122.4694,25.08,34,0,7.72,US,1715193644
105,port arthur,38.8,121.2667,17.12,69,57,4.62,CN,1715193540
106,kapuskasing,49.4169,-82.4331,8.05,61,75,6.69,CA,1715193482
107,smithers,54.7804,-127.1743,10.18,53,75,4.12,CA,1715193753
108,tazacorte,28.629,-17.9293,20.54,83,75,3.09,ES,1715193753
109,brisas de zicatela,15.8369,-97.0419,30.29,66,75,5.14,MX,1715193753
110,nova sintra,14.8667,-24.7167,23.89,74,0,6.35,CV,1715193753
111,ascension,30.2169,-90.9001,32.27,65,75,7.72,US,1715193753
112,talara,-4.5772,-81.2719,27.42,61,0,7.2,PE,1715193753
113,iqaluit,63.7506,-68.5145,-1.15,74,75,7.72,CA,1715193753
114,kirensk,57.7853,108.1119,6.65,58,100,1.79,RU,1715193754
115,moog,8.6011,124.4658,25.76,77,89,1.45,PH,1715193754
116,laojunmiao,39.8333,97.7333,13.87,29,88,3.63,CN,1715193754
117,westport,41.1415,-73.3579,30.15,61,0,6.17,US,1715193540
118,nemuro,43.3236,145.575,2.75,84,8,2.86,JP,1715193754
119,usinsk,65.9939,57.5281,-0.52,89,100,2.68,RU,1715193482
120,progreso,21.2833,-89.6667,39.5,41,96,3.55,MX,1715193754
121,olavarria,-36.8927,-60.3225,12.65,47,4,8.57,AR,1715193588
122,boden,65.8252,21.6886,0.0,88,98,2.3,SE,1715193754
123,la foa,-21.7108,165.8276,18.93,80,1,3.56,NC,1715193754
124,otelu rosu,45.5333,22.3667,12.76,95,12,1.74,RO,1715193754
125,tamanrasset,22.785,5.5228,32.95,9,0,6.17,DZ,1715193754
126,badger,64.8,-147.5333,10.55,68,75,1.54,US,1715193754
127,mahanoro,-19.9,48.8,22.84,82,0,2.08,MG,1715193754
128,ismailia,30.6043,32.2723,20.16,51,27,5.72,EG,1715193754
129,sechura,-5.5569,-80.8222,25.91,58,16,6.25,PE,1715193562
130,enewetak,11.3474,162.3373,27.55,71,99,9.13,MH,1715193754
131,lebu,-37.6167,-73.65,11.93,65,47,3.72,CL,1715193754
132,al qabil,22.571,58.6947,33.65,35,13,6.06,OM,1715193754
133,ta`u,-14.2336,-169.5144,28.89,79,97,5.5,AS,1715193754
134,dudinka,69.4058,86.1778,-10.74,94,100,3.13,RU,1715193754
135,portland,45.5234,-122.6762,16.4,64,20,2.68,US,1715193604
136,masterton,-40.9597,175.6575,7.71,85,98,5.65,NZ,1715193754
137,arno,60.1167,18.6333,2.1,92,100,3.37,SE,1715193755
138,sisimiut,66.9395,-53.6735,-1.19,73,71,2.23,GL,1715193755
139,la peca,-5.6111,-78.435,30.6,52,76,1.48,PE,1715193755
140,vila franca do campo,37.7167,-25.4333,18.27,99,49,4.58,PT,1715193755
141,chonchi,-42.6128,-73.8092,9.56,90,100,3.25,CL,1715193755
142,zabaykal'sk,49.6333,117.3167,7.71,29,0,3.02,RU,1715193748
143,altay,47.8667,88.1167,12.0,52,0,3.57,CN,1715193755
144,aioun,16.6614,-9.6149,39.4,12,23,3.81,MR,1715193755
145,ad dilinjat,30.8279,30.5363,18.86,44,7,4.2,EG,1715193755
146,palm bay,28.0345,-80.5887,33.94,59,40,6.17,US,1715193625
147,miri,4.4148,114.0089,27.08,89,40,0.0,MY,1715193755
148,la villa del rosario,10.3258,-72.3134,30.13,70,49,1.23,VE,1715193755
149,la tuque,47.4334,-72.7824,12.14,43,100,1.03,CA,1715193740
150,dryden,49.7833,-92.7503,15.16,44,0,4.63,CA,1715193755
151,georgetown,5.4112,100.3354,28.96,83,20,1.54,MY,1715193564
152,kapa'a,22.0752,-159.319,26.99,81,100,4.63,US,1715193755
153,kristiansund,63.1115,7.732,10.03,66,75,1.03,NO,1715193755
154,aasiaat,68.7098,-52.8699,-3.84,71,86,4.58,GL,1715193755
155,puerto aysen,-45.4,-72.7,5.41,100,100,1.16,CL,1715193619
156,nema,57.5067,50.5011,-2.04,91,20,4.43,RU,1715193755
157,gufeng,26.9083,118.9819,12.42,94,100,1.38,CN,1715193755
158,amursk,50.2261,136.8994,10.55,55,100,4.19,RU,1715193755
159,muisne,0.6,-80.0333,26.83,82,100,3.82,EC,1715193756
160,aykhal,66.0,111.5,-8.57,97,99,3.33,RU,1715193756
161,moose jaw,50.4001,-105.5344,17.15,55,40,7.72,CA,1715193508
162,fraserburgh,57.6874,-2.0184,11.73,84,100,1.47,GB,1715193756
163,iskateley,67.6803,53.1512,-4.99,88,100,7.15,RU,1715193756
164,ash shihaniyah,25.3686,51.2264,30.79,54,1,7.08,QA,1715193756
165,flin flon,54.7682,-101.865,14.91,44,20,1.03,CA,1715193498
166,holualoa,19.6228,-155.9522,23.91,75,40,5.14,US,1715193756
167,keflavik,64.0049,-22.5624,7.24,61,75,5.14,IS,1715193756
168,zyrya,40.3661,50.2917,15.05,72,10,4.87,AZ,1715193756
169,palmer,42.1584,-72.3287,24.56,94,100,0.0,US,1715193756
170,khovd,48.0056,91.6419,11.82,54,100,3.97,MN,1715193756
171,taksimo,56.3444,114.8794,2.48,63,78,0.7,RU,1715193757
172,kiunga,-6.1219,141.2906,23.36,100,100,1.2,PG,1715193757
173,talnakh,69.4865,88.3972,-11.0,79,98,1.88,RU,1715193757
174,preobrazheniye,42.9019,133.9064,5.22,84,8,2.63,RU,1715193757
175,marsa alam,25.0757,34.8918,25.16,38,100,3.68,EG,1715193757
176,jianshui,23.6363,102.8264,17.24,96,100,1.75,CN,1715193757
177,porto seguro,-16.4497,-39.0647,28.29,74,20,3.6,BR,1715193757
178,santa ana,33.7456,-117.8678,23.93,59,20,5.14,US,1715193699
179,vorkuta,67.5,64.0,-9.38,93,100,2.24,RU,1715193757
180,klyuchi,52.2667,79.1667,13.22,49,14,2.6,RU,1715193758
181,thunder bay,48.4001,-89.3168,14.99,44,40,5.14,CA,1715193276
182,ust'-uda,54.1742,103.0304,10.96,62,100,4.45,RU,1715193758
183,qarqaraly,49.4058,75.4742,12.36,60,99,3.71,KZ,1715193679
184,luanco,43.6152,-5.7934,16.63,85,15,8.05,ES,1715193758
185,guerrero negro,27.9769,-114.0611,19.19,59,0,8.33,MX,1715193758
186,pesqueria,25.7833,-100.05,42.88,38,75,2.06,MX,1715193758
187,morehead city,34.7229,-76.726,33.03,79,0,7.72,US,1715193758
188,montbrison,45.6667,4.0833,14.26,94,37,4.84,FR,1715193758
189,chernyshevskiy,63.0128,112.4714,-9.82,98,46,1.07,RU,1715193758
190,scottburgh,-30.2867,30.7532,19.77,85,1,3.03,ZA,1715193758
191,sarykemer,43.0,71.5,18.71,51,99,3.68,KZ,1715193759
192,lunino,53.5918,45.2271,2.95,75,31,2.5,RU,1715193759
193,vilyuysk,63.7553,121.6247,-3.73,95,100,3.97,RU,1715193759
194,port alfred,-33.5906,26.891,18.99,92,100,0.89,ZA,1715193759
195,lompoc,34.6391,-120.4579,25.01,58,0,5.66,US,1715193759
196,severo-yeniseyskiy,60.3725,93.0408,1.43,98,100,4.47,RU,1715193759
197,callao,-12.0667,-77.15,20.16,83,40,4.12,PE,1715193759
198,brooks,50.5834,-111.8851,8.99,61,98,9.26,CA,1715193759
199,lensk,60.7253,114.9278,-0.97,85,18,0.92,RU,1715193759
200,sao miguel do araguaia,-13.275,-50.1628,32.65,37,12,2.11,BR,1715193759
201,dunedin,-45.8742,170.5036,3.22,93,6,1.34,NZ,1715193759
202,castillos,-34.1667,-53.8333,15.96,89,100,6.06,UY,1715193760
203,lihue,21.9789,-159.3672,26.58,76,100,4.63,US,1715193555
204,barra de santo antonio,-9.4047,-35.5072,26.6,79,100,4.59,BR,1715193760
205,aksuat,48.7167,83.7,12.55,61,0,2.94,KZ,1715193760
206,olonkinbyen,70.9221,-8.7187,-1.6,99,100,9.38,SJ,1715193760
207,kodiak,57.79,-152.4072,3.73,65,0,4.12,US,1715193760
208,acapulco de juarez,16.8634,-99.8901,28.9,65,40,3.6,MX,1715193641
209,shingu,33.7333,135.9833,10.17,73,100,2.84,JP,1715193760
210,fort st. john,56.2499,-120.8529,11.94,35,40,9.26,CA,1715193530
211,touros,-5.1989,-35.4608,28.69,75,48,5.23,BR,1715193760
212,san javier,37.8063,-0.8374,22.27,71,0,3.13,ES,1715193760
213,kone,-21.0595,164.8658,17.07,91,0,1.69,NC,1715193760
214,dazhou,31.2159,107.5009,18.91,91,100,2.52,CN,1715193760
215,gamba,-2.65,10.0,26.06,91,100,2.95,GA,1715193760
216,whitehorse,60.7161,-135.0538,8.78,54,75,8.23,CA,1715193761
217,medina,24.4686,39.6142,33.24,9,0,2.57,SA,1715193761
218,tura,25.5198,90.2201,20.87,64,0,1.69,IN,1715193515
219,knysna,-34.0363,23.0471,14.26,86,0,1.65,ZA,1715193761
220,dunda,-8.1167,34.25,20.09,73,100,3.06,TZ,1715193761
221,kirakira,-10.4544,161.9205,26.13,84,100,3.26,SB,1715193761
222,amga,60.8953,131.9608,2.02,84,100,3.92,RU,1715193761
223,norrtalje,59.758,18.705,3.57,98,100,2.29,SE,1715193761
224,nuuk,64.1835,-51.7216,3.34,60,75,4.63,GL,1715193761
225,mount isa,-20.7333,139.5,22.87,68,95,3.6,AU,1715193761
226,east london,-33.0153,27.9116,19.52,94,100,1.03,ZA,1715193761
227,chibougamau,49.9168,-74.3659,9.79,50,100,5.14,CA,1715193761
228,port-vila,-17.7338,168.3219,23.03,63,100,5.53,VU,1715193761
229,punta arenas,-53.15,-70.9167,3.06,93,75,1.54,CL,1715193528
230,freetown,8.484,-13.2299,29.84,74,75,6.17,SL,1715193746
231,skeldon,5.8833,-57.1333,28.95,71,100,4.19,GY,1715193761
232,vadso,70.0744,29.7487,0.09,74,40,2.57,NO,1715193761
233,nanchang,28.6833,115.8833,19.61,72,100,2.9,CN,1715193761
234,carnarvon,-24.8667,113.6333,21.66,54,26,1.06,AU,1715193761
235,walvis bay,-22.9575,14.5053,17.53,77,0,2.06,NA,1715193761
236,cabedelo,-6.9811,-34.8339,30.37,78,100,4.43,BR,1715193541
237,ouadda,8.0777,22.4007,28.41,23,59,2.48,CF,1715193762
238,pizarro,4.9533,-77.366,25.83,93,100,4.29,CO,1715193762
239,madalena,41.2162,-8.3345,24.05,42,24,0.71,PT,1715193762
240,uruzgan,32.8333,66.0,22.62,32,0,1.78,AF,1715193762
241,changji,44.0167,87.3167,16.44,77,75,2.0,CN,1715193762
242,sitka,57.0531,-135.33,7.94,87,100,6.17,US,1715193762
243,kabare,-2.4683,28.8242,17.64,98,100,1.12,CD,1715193762
244,san isidro de curuguaty,-24.5167,-55.7,36.44,30,17,4.26,PY,1715193762
245,cidreira,-30.1811,-50.2056,23.65,83,100,5.57,BR,1715193532
246,ciudad insurgentes,25.2625,-111.7753,26.23,26,0,8.0,MX,1715193762
247,yur'yev-pol'skiy,56.5,39.6833,0.92,83,100,3.55,RU,1715193762
248,vokhtoga,58.8147,41.0461,-1.5,57,56,3.34,RU,1715193762
249,berezovyy,51.6667,135.7,10.73,55,100,2.29,RU,1715193762
250,retreat,38.8245,-85.8533,28.54,69,83,1.34,US,1715193762
251,queenstown,-31.8976,26.8753,13.59,81,4,2.17,ZA,1715193753
252,gunjur,13.2019,-16.7339,29.04,65,0,5.14,GM,1715193762
253,rujewa,-8.7,34.3833,20.17,70,67,5.01,TZ,1715193762
254,cooma,-36.2333,149.1333,8.8,96,100,0.17,AU,1715193762
255,praia da vitoria,38.7333,-27.0667,20.14,68,20,5.23,PT,1715193762
256,la passe,45.5549,-0.8967,20.13,82,43,4.21,FR,1715193762
257,delogozda,41.2572,20.7236,14.38,77,40,2.06,MK,1715193762
258,vorgashor,67.5833,63.95,-9.55,93,100,3.45,RU,1715193762
259,ghat,24.9647,10.1728,32.61,9,7,4.75,LY,1715193762
260,refahiye,39.9008,38.7667,8.6,63,0,1.34,TR,1715193762
261,berezniki,59.4152,56.8124,2.74,97,100,3.12,RU,1715193763
262,iquique,-20.2208,-70.1431,20.02,79,17,1.86,CL,1715193110
263,mitu,1.1983,-70.1733,30.94,67,94,1.23,CO,1715193763
264,constantia,44.1833,28.65,11.5,86,31,7.14,RO,1715193763
265,gobabis,-22.45,18.9667,24.05,34,31,5.12,NA,1715193763
266,papao,-17.75,-149.55,28.82,82,100,7.04,PF,1715193763
267,paulista florida,-21.6,-51.2,32.76,32,7,4.29,BR,1715193763
268,i-n-salah,27.1935,2.4607,33.12,11,0,6.3,DZ,1715193763
269,ola,59.5833,151.2833,0.08,92,100,1.14,RU,1715193763
270,coronado,32.6859,-117.1831,23.43,64,40,6.69,US,1715193763
271,anadyr,64.75,177.4833,-7.72,67,0,4.0,RU,1715193763
272,peterhead,57.5058,-1.7981,17.22,84,100,1.81,GB,1715193763
273,yuzhno-kurilsk,44.0306,145.8556,2.99,95,69,5.23,RU,1715193763
274,palikir - national government center,6.9248,158.1611,27.41,89,100,1.54,FM,1715193763
275,dzhambeyty,50.2536,52.595,7.87,76,98,8.97,KZ,1715193680
276,khandyga,62.6667,135.6,0.73,95,100,1.68,RU,1715193763
277,markovo,57.3206,107.0881,6.03,71,100,1.79,RU,1715193763
278,newport,51.5877,-2.9984,17.76,63,100,3.57,GB,1715193548
279,ruteng,-8.6136,120.4721,15.54,93,8,0.95,ID,1715193763
280,acajutla,13.5928,-89.8275,31.61,65,100,4.13,SV,1715193763
281,kodinsk,58.6881,99.1844,8.58,90,82,3.91,RU,1715193763
282,as pontes de garcia rodriguez,43.4527,-7.8518,20.17,80,89,0.46,ES,1715193763
283,cole harbour,44.6724,-63.4751,16.66,49,75,7.72,CA,1715193763
284,brasileia,-11.0161,-68.7481,34.25,59,75,1.54,BR,1715193763
285,ad dawadimi,24.5077,44.3924,27.64,22,0,4.01,SA,1715193763
286,gizo,-8.103,156.8419,27.71,84,100,7.53,SB,1715193764
287,nar'yan-mar,67.6713,53.087,-4.94,88,100,7.15,RU,1715193764
288,jamestown,42.097,-79.2353,25.29,43,40,12.35,US,1715193529
289,ixtapa,20.7,-105.2,26.57,69,40,4.63,MX,1715193764
290,fortaleza,-3.7227,-38.5247,32.07,55,20,3.09,BR,1715193318
291,sampit,-2.5333,112.95,24.16,96,100,0.66,ID,1715193764
292,bac lieu,9.285,105.7244,29.53,74,34,5.81,VN,1715193764
293,curaca,-8.9903,-39.9094,34.18,26,13,7.75,BR,1715193764
294,weno,7.4515,151.8468,27.97,83,100,3.6,FM,1715193764
295,colonel hill,22.7667,-74.2167,25.33,73,0,6.21,BS,1715193764
296,tulum,20.2167,-87.4667,32.08,62,94,4.65,MX,1715193586
297,fiambala,-27.6871,-67.6149,17.92,27,0,6.63,AR,1715193764
298,champerico,14.3,-91.9167,35.3,63,1,5.53,GT,1715193764
299,porto novo,6.4965,2.6036,29.9,75,100,4.44,BJ,1715193764
300,magistral'nyy,56.1725,107.4458,6.32,67,100,1.89,RU,1715193764
301,twentynine palms,34.1356,-116.0542,26.08,13,0,2.68,US,1715193764
302,ciudad lazaro cardenas,17.9583,-102.2,28.29,61,14,4.45,MX,1715193764
303,inari,68.906,27.0288,2.11,93,5,1.0,FI,1715193764
304,choibalsan,48.0667,114.5,10.01,22,100,2.27,MN,1715193764
305,okhotsk,59.3833,143.3,-0.57,95,100,2.14,RU,1715193764
306,langtang,9.1333,9.7833,33.09,37,13,3.2,NG,1715193765
307,susaki,33.3667,133.2833,13.04,85,0,3.09,JP,1715193765
308,darwin,-12.4611,130.8418,23.99,88,7,1.54,AU,1715193765
309,zalingei,12.9096,23.4741,31.23,12,100,3.31,SD,1715193765
310,novoaleksandrovsk,45.4948,41.2207,12.66,85,100,0.99,RU,1715193765
311,wamba,8.9333,8.6,29.97,57,27,0.57,NG,1715193765
312,remire-montjoly,4.9167,-52.2667,29.02,79,75,3.09,GF,1715193765
313,larkird,35.4894,66.6641,14.99,66,59,2.5,AF,1715193765
314,tolanaro,-25.0319,46.9987,24.04,78,40,5.14,MG,1715193765
315,souillac,-20.5167,57.5167,25.21,78,75,8.23,MU,1715193765
316,itoman,26.1247,127.6694,20.43,64,40,8.75,JP,1715193503
317,bay roberts,47.5999,-53.2648,6.75,89,100,2.24,CA,1715193765
318,petropavlovsk-kamchatsky,53.0452,158.6483,0.81,78,75,3.58,RU,1715193765
319,mont-dore,-22.2833,166.5833,22.78,99,98,3.91,NC,1715193765
320,revda,56.801,59.9303,9.57,95,100,2.27,RU,1715193765
321,alofi,-19.0595,-169.9187,25.94,94,75,5.66,NU,1715193765
322,yanta,36.2411,115.6672,18.33,35,100,5.17,CN,1715193765
323,jimma,7.6667,36.8333,20.4,75,100,1.37,ET,1715193656
324,robore,-18.3333,-59.75,35.05,49,40,9.26,BO,1715193765
325,maracalagonis,39.2872,9.2275,16.65,72,20,2.06,IT,1715193765
326,chuguyevka,44.1653,133.8633,4.92,78,65,2.51,RU,1715193765
327,greymouth,-42.4667,171.2,4.55,71,1,5.07,NZ,1715193727
328,kabalo,-6.05,26.9167,25.69,71,100,1.79,CD,1715193765
329,yongchuan,29.3514,105.8947,19.13,88,100,1.32,CN,1715193632
330,scarborough,54.2797,-0.4044,16.76,80,96,4.92,GB,1715193766
331,howard springs,-12.497,131.047,23.95,98,33,0.75,AU,1715193766
332,bandarbeyla,9.4942,50.8122,28.96,80,0,5.38,SO,1715193766
333,tenenkou,14.4572,-4.9169,38.38,21,12,5.44,ML,1715193766
334,saquarema,-22.92,-42.5103,30.08,70,13,6.11,BR,1715193766
335,sidi qacem,34.2215,-5.7078,34.12,23,55,3.19,MA,1715193766
336,utrik,11.2278,169.8474,26.85,78,100,9.41,MH,1715193766
337,angra dos reis,-23.0067,-44.3181,29.67,55,32,1.43,BR,1715193487
338,hongwon,40.0253,127.9558,10.49,52,86,2.06,KP,1715193766
339,anna regina,7.2644,-58.5077,28.96,68,100,4.8,GY,1715193766
340,crane,31.3974,-102.3501,31.14,10,0,7.69,US,1715193766
341,ulladulla,-35.35,150.4667,15.02,86,94,0.91,AU,1715193766
342,graaff-reinet,-32.2522,24.5308,15.51,80,19,0.53,ZA,1715193766
343,bamboo flat,11.7,92.7167,28.05,89,20,1.03,IN,1715193766
344,awjilah,29.1081,21.2869,27.81,14,0,5.9,LY,1715193766
345,kuanda,56.3161,116.0806,2.0,74,80,0.74,RU,1715193766
346,bhamo,24.2667,97.2333,25.97,45,100,0.42,MM,1715193766
347,tralee,52.2704,-9.7026,14.55,77,73,1.84,IE,1715193766
348,labrador city,52.9463,-66.9114,7.88,41,20,7.15,CA,1715193766
349,hancheng,32.5186,112.3522,19.97,66,100,2.48,CN,1715193766
350,kerikeri,-35.2268,173.9474,10.51,83,5,3.58,NZ,1715193766
351,vernon,50.2581,-119.2691,18.12,24,0,2.57,CA,1715193766
352,manokwari,-0.8667,134.0833,26.37,84,100,1.67,ID,1715193766
353,lorengau,-2.0226,147.2712,27.56,83,99,6.78,PG,1715193766
354,tegucigalpa,14.0818,-87.2068,32.42,58,75,1.03,HN,1715193662
355,whistler,50.1164,-122.9695,11.98,55,3,1.48,CA,1715193672
356,nagqu,31.5,92.0,1.68,57,86,5.68,CN,1715193767
357,macherla,16.4833,79.4333,28.47,76,8,6.01,IN,1715193767
358,viedma,-40.8135,-62.9967,10.69,46,6,9.72,AR,1715193621
359,zhaotong,27.3167,103.7167,13.2,89,100,1.51,CN,1715193767
360,belyy yar,53.6039,91.3903,12.94,47,0,4.0,RU,1715193767
361,qui nhon,13.7667,109.2333,24.72,92,23,2.83,VN,1715193621
362,mount gambier,-37.8333,140.7667,8.03,92,33,1.24,AU,1715193767
363,sar-e pul,35.8333,66.1667,19.38,49,54,4.19,AF,1715193767
364,san patricio,28.017,-97.5169,32.4,53,100,4.58,US,1715193767
365,coquimbo,-29.9533,-71.3436,17.85,63,0,5.14,CL,1715193429
366,cadereyta,25.5833,-99.9833,42.82,14,100,2.68,MX,1715193767
367,rocky mountain house,52.3668,-114.9188,9.06,34,100,2.06,CA,1715193767
368,susuman,62.7833,148.1667,-1.12,83,99,1.34,RU,1715193767
369,hasaki,35.7333,140.8333,12.22,78,100,11.68,JP,1715193767
370,tanaina,61.6269,-149.4281,9.27,51,0,2.06,US,1715193767
371,kungur,57.4368,56.9593,3.87,91,100,4.91,RU,1715193767
372,gorontalo,0.5412,123.0595,24.3,98,100,1.36,ID,1715193767
373,kharkhorin,47.1975,102.8238,7.31,47,100,4.5,MN,1715193767
374,novaya igirma,57.1334,103.9112,6.97,66,100,1.84,RU,1715193767
375,salinopolis,-0.6136,-47.3561,28.87,72,93,4.47,BR,1715193767
376,swakopmund,-22.6833,14.5333,17.47,84,1,2.68,NA,1715193768
377,imeni morozova,59.9757,31.0376,3.02,99,15,3.08,RU,1715193768
378,rurrenabaque,-14.4413,-67.5278,33.83,74,40,4.12,BO,1715193768
379,taltal,-25.4,-70.4833,20.22,60,99,2.68,CL,1715193621
380,daru,-9.0763,143.2092,25.42,92,100,7.67,PG,1715193768
381,namsos,64.4662,11.4957,7.95,81,20,2.06,NO,1715193768
382,cabo san lucas,22.8909,-109.9124,32.01,36,20,4.63,MX,1715193768
383,margate,51.3813,1.3862,13.72,69,100,0.89,GB,1715193768
384,fale old settlement,-9.3852,-171.2468,29.53,76,69,5.03,TK,1715193768
385,cabeza del buey,38.7223,-5.2195,19.81,36,81,2.54,ES,1715193669
386,dalbandin,28.8947,64.4101,32.67,14,0,0.97,PK,1715193768
387,pisco,-13.7,-76.2167,21.12,83,75,5.14,PE,1715193768
388,nuku'alofa,-21.1333,-175.2,25.19,69,75,3.6,TO,1715193768
389,konarka,19.9,86.1167,25.22,82,2,2.95,IN,1715193768
390,maintirano,-18.0667,44.0167,25.97,74,0,2.68,MG,1715193768
391,gore,-46.1028,168.9436,-1.12,95,5,0.94,NZ,1715193768
392,golfito,8.639,-83.166,27.13,84,79,1.61,CR,1715193768
393,moncks corner,33.196,-80.0131,32.86,48,0,2.57,US,1715193768
394,great falls,47.5002,-111.3008,4.25,98,100,13.89,US,1715193768
395,likisa,-8.6695,125.6875,18.06,88,26,2.73,TL,1715193769
396,vila velha,-20.3297,-40.2925,28.97,81,20,5.14,BR,1715193197
397,raja,8.4596,25.678,30.66,24,10,1.78,SS,1715193769
398,tshikapa,-6.4167,20.8,27.36,52,99,1.19,CD,1715193769
399,egilsstadir,65.2653,-14.3948,8.95,43,40,4.12,IS,1715193769
400,afaahiti,-17.75,-149.2833,27.93,85,100,6.75,PF,1715193769
401,coyhaique,-45.5752,-72.0662,6.97,76,40,3.09,CL,1715193609
402,latrobe,40.3212,-79.3795,26.71,44,20,7.72,US,1715193769
403,praia,14.9215,-23.5087,26.78,58,2,6.56,CV,1715193655
404,bonthe,7.5264,-12.505,28.78,76,75,3.69,SL,1715193769
405,nicoya,10.1483,-85.452,31.61,60,100,2.22,CR,1715193769
406,isangel,-19.55,169.2667,22.09,67,33,6.76,VU,1715193769
407,geraldton,-28.7667,114.6,23.23,28,100,7.2,AU,1715193487
408,aliwal north,-30.6937,26.7114,17.29,33,0,2.4,ZA,1715193769
409,santa cruz,-17.8,-63.1667,31.7,58,20,11.83,BO,1715193589
410,guangshui,31.6199,113.9978,18.84,56,100,1.43,CN,1715193769
411,bodo,67.28,14.405,4.97,84,75,7.72,NO,1715193769
412,beipiao,41.7919,120.7792,19.96,20,100,7.85,CN,1715193769
413,north platte,41.1239,-100.7654,17.84,33,0,9.26,US,1715193769
414,kingston,17.997,-76.7936,29.53,75,100,1.81,JM,1715193011
415,dolores,-36.3132,-57.6792,14.58,65,3,9.99,AR,1715193770
416,koryazhma,61.3143,47.1691,-0.61,93,100,6.12,RU,1715193770
417,yanbu,24.0891,38.0637,28.02,57,0,6.17,SA,1715193770
418,gazojak,41.1875,61.4036,25.0,34,100,4.63,TM,1715193498
419,upington,-28.4478,21.2561,23.21,33,0,0.51,ZA,1715193770
420,bintulu,3.1667,113.0333,26.23,94,40,2.06,MY,1715193770
421,okha,53.5739,142.9478,-0.42,81,33,6.26,RU,1715193770
422,rio preto da eva,-2.6994,-59.6997,29.26,73,100,1.73,BR,1715193770
423,gisborne,-38.6533,178.0042,11.53,74,77,6.59,NZ,1715193770
424,timimoun,29.2639,0.231,34.21,10,0,6.69,DZ,1715193770
425,nizhnyaya tavda,57.6731,66.1725,14.53,59,100,6.44,RU,1715193770
426,nyurba,63.2842,118.3319,-3.55,95,98,2.58,RU,1715193770
427,mena,51.5217,32.2157,5.78,69,4,3.74,UA,1715193770
428,willmar,45.1219,-95.0433,21.6,43,0,8.23,US,1715193770
429,codrington,-38.2667,141.9667,9.41,86,21,1.75,AU,1715193770
430,olyokminsk,60.3736,120.4264,-0.29,87,62,2.94,RU,1715193770
431,guaruja,-23.9931,-46.2564,33.92,26,0,3.09,BR,1715193770
432,imeko,7.45,2.85,28.64,70,85,4.41,NG,1715193770
433,noumea,-22.2763,166.4572,22.78,99,100,5.6,NC,1715193770
434,ritchie,-29.038,24.6028,18.56,25,10,3.85,ZA,1715193771
435,yangambi,0.8102,24.4336,25.26,78,97,1.26,CD,1715193771
436,esmeraldas,-19.7625,-44.3139,29.17,53,5,2.57,BR,1715193771
437,mariehamn,60.0973,19.9348,2.92,75,100,2.06,AX,1715193771
438,changyon,38.2508,125.0961,9.73,70,0,1.59,KP,1715193771
439,sandnessjoen,66.0217,12.6316,7.06,65,75,5.66,NO,1715193771
440,mocimboa,-11.3167,40.35,24.62,86,25,4.56,MZ,1715193771
441,suntar,62.1444,117.6319,-1.43,91,31,2.68,RU,1715193771
442,madang,-5.2246,145.7966,24.06,96,100,2.47,PG,1715193771
443,kailua-kona,19.6406,-155.9956,25.98,74,40,5.14,US,1715193771
444,boise,43.6135,-116.2035,11.77,53,0,8.75,US,1715193534
445,labytnangi,66.6572,66.4183,-2.57,83,100,5.33,RU,1715193771
446,ribeira brava,32.65,-17.0667,22.62,83,100,0.81,PT,1715193771
447,snyder,32.7179,-100.9176,29.06,12,0,3.6,US,1715193619
448,wuxi,31.5689,120.2886,15.26,68,8,2.61,CN,1715193771
449,namibe,-15.1961,12.1522,23.36,68,0,4.07,AO,1715193771
450,urangan,-25.3,152.9,17.89,97,23,2.24,AU,1715193771
451,vennesla,58.2694,7.9741,14.86,61,0,5.66,NO,1715193771
452,zapala,-38.8992,-70.0544,6.97,38,51,6.91,AR,1715193771
453,young,-32.6833,-57.6333,15.58,70,2,6.99,UY,1715193771
454,akureyri,65.6835,-18.0878,6.96,45,75,2.57,IS,1715193771
455,vodnyy,63.5046,53.4095,-1.99,98,100,4.92,RU,1715193771
456,aligudarz,33.4006,49.6949,8.21,54,0,1.45,IR,1715193771
457,kranenburg,51.7833,6.0167,16.09,72,100,2.44,DE,1715193772
458,qalat,32.1058,66.9083,22.91,30,0,2.19,AF,1715193772
459,grande prairie,55.1667,-118.8027,13.1,26,75,5.66,CA,1715193560
460,huaicheng,23.9051,112.1931,21.11,94,100,0.64,CN,1715193772
461,igarka,67.4667,86.5833,-0.55,99,100,5.81,RU,1715193772
462,villa de soto,-30.8552,-64.9995,19.11,18,0,3.56,AR,1715193772
463,banda aceh,5.5577,95.3222,27.36,81,87,2.01,ID,1715193772
464,altai,46.3722,96.2583,7.92,65,61,3.27,MN,1715193772
465,saldanha,-33.0117,17.9442,13.03,78,0,5.03,ZA,1715193772
466,camarinas,43.1311,-9.1817,15.77,83,63,3.78,ES,1715193772
467,zakamensk,50.3741,103.2863,8.22,72,100,1.21,RU,1715193772
468,la maddalena,41.2142,9.4083,18.03,81,100,2.06,IT,1715193772
469,as sulayyil,20.4607,45.5779,32.14,15,0,5.15,SA,1715193772
470,kuluncak,38.8828,37.6728,11.41,49,6,2.01,TR,1715193772
471,wakkanai,45.4094,141.6739,1.94,84,7,3.48,JP,1715193559
472,malpe,13.35,74.7167,28.61,71,98,1.31,IN,1715193772
473,inarajan village,13.2736,144.7484,28.08,91,100,5.83,GU,1715193772
474,bikenibeu village,1.3673,173.1241,27.98,83,40,3.6,KI,1715193772
475,marquette,46.5333,-87.6335,16.54,69,100,3.13,US,1715193772
476,port nelson,23.6333,-74.8333,24.85,73,0,5.56,BS,1715193772
477,mount pearl,47.5166,-52.7813,6.09,91,100,8.23,CA,1715193772
478,falmouth,50.1544,-5.0711,15.32,87,40,1.03,GB,1715193772
479,west fargo,46.875,-96.9004,20.0,47,0,4.12,US,1715193773
480,kokshetau,53.2775,69.3883,15.61,49,100,6.46,KZ,1715193773
481,kuqa,41.7278,82.9364,24.49,17,100,2.58,CN,1715193773
482,as sanad,34.4628,9.264,17.14,47,14,6.41,TN,1715193773
483,baie-comeau,49.2168,-68.1489,7.82,61,0,7.72,CA,1715193552
484,bouca,6.5105,18.2733,29.33,47,100,2.0,CF,1715193773
485,djambala,-2.5447,14.7533,25.7,66,96,1.98,CG,1715193773
486,novyy urgal,51.0736,132.5642,5.99,75,100,5.84,RU,1715193773
487,nizhneangarsk,55.7833,109.55,2.22,68,100,2.24,RU,1715193773
488,angaur state,6.906,134.13,28.32,76,82,2.55,PW,1715193773
489,manta,-0.95,-80.7333,28.88,74,75,3.6,EC,1715193773
490,swift current,50.2834,-107.8014,13.7,67,100,6.36,CA,1715193773
491,madanapalle,13.55,78.5,25.73,60,12,2.55,IN,1715193773
492,gao,16.6362,1.637,37.44,12,3,3.42,ML,1715193773
493,ploudalmezeau,48.5333,-4.65,18.21,63,0,4.12,FR,1715193773
494,port elizabeth,-33.918,25.5701,17.83,87,75,4.12,ZA,1715193774
495,pau brasil,-15.4642,-39.6511,28.86,52,0,2.99,BR,1715193774
496,auki,-8.7676,160.7034,25.11,91,74,3.62,SB,1715193774
497,haiku-pauwela,20.9219,-156.3051,25.12,72,20,1.79,US,1715193774
498,sao vicente,-23.9631,-46.3919,34.59,32,0,3.09,BR,1715193774
499,ghadamis,30.1337,9.5007,23.1,46,2,10.69,LY,1715193774
500,soio,-6.1349,12.3689,26.1,89,100,4.49,AO,1715193774
501,yunguyo,-16.25,-69.0833,12.87,37,0,2.19,PE,1715193774
502,chernogorsk,53.8236,91.2842,12.76,47,0,4.0,RU,1715193774
503,barkly west,-28.5354,24.5215,18.6,25,3,4.65,ZA,1715193774
504,maumere,-8.6199,122.2111,26.05,82,50,3.55,ID,1715193774
505,fortuna,40.5982,-124.1573,16.86,66,0,5.14,US,1715193774
506,gerash,27.6652,54.1371,26.08,36,0,1.51,IR,1715193774
507,karbala,32.616,44.0249,25.82,22,0,4.2,IQ,1715193774
508,port saint john's,-31.6229,29.5448,21.94,76,69,1.8,ZA,1715193774
509,ebon,4.582,168.6964,28.44,78,23,6.13,MH,1715193774
510,amahai,-3.3333,128.9167,29.55,85,71,1.29,ID,1715193774
511,olean,42.0776,-78.4297,26.09,35,40,6.69,US,1715193775
512,general pinedo,-27.3167,-61.2833,22.77,60,68,5.81,AR,1715193775
513,gebeit,21.0667,36.3167,23.93,38,0,3.05,SD,1715193775
514,maceio,-9.6658,-35.7353,26.69,83,75,3.6,BR,1715193775
515,guanica,17.9716,-66.908,30.02,86,47,2.62,PR,1715193775
516,tindouf,27.6711,-8.1474,39.25,6,0,6.17,DZ,1715193775
517,tarazona,41.9,-1.7333,19.9,67,98,5.22,ES,1715193775
518,ariquemes,-9.9133,-63.0408,34.23,49,59,0.97,BR,1715193657
519,chinchilla,-26.75,150.6333,15.01,90,100,1.79,AU,1715193775
520,cassilandia,-19.1133,-51.7342,32.23,30,40,2.83,BR,1715193775
521,hithadhoo,-0.6,73.0833,27.97,80,100,6.5,MV,1715193775
522,ilha de mocambique,-15.0342,40.7358,27.0,73,3,5.3,MZ,1715193775
523,verkhov'ye,52.8119,37.2425,1.9,70,89,5.21,RU,1715193775
524,tofol,5.3248,163.0078,28.02,84,100,8.36,FM,1715193775
525,beau vallon,-20.4189,57.6953,25.13,78,75,8.23,MU,1715193675
526,roma,43.2128,-75.4557,24.49,46,40,6.69,US,1715193702
527,zouerate,22.7187,-12.4521,38.24,6,99,3.7,MR,1715193775
528,hotan,37.0997,79.9269,22.9,16,0,1.99,CN,1715193775
529,texarkana,33.4251,-94.0477,27.44,77,100,6.26,US,1715193660
530,santo antonio,-6.3106,-35.4789,28.47,73,37,4.64,BR,1715193775
531,al kharijah,25.4514,30.5464,25.64,10,100,3.71,EG,1715193775
532,hami,42.8,93.45,22.09,27,0,5.92,CN,1715193557
533,broken hill,-31.95,141.4333,13.14,74,12,4.39,AU,1715193775
534,skagen,57.7209,10.5839,9.72,84,100,7.46,DK,1715193483
535,tegueste,28.5167,-16.3167,22.82,64,20,6.69,ES,1715193776
536,phan rang-thap cham,11.5667,108.9833,25.73,86,12,1.88,VN,1715193776
537,nieuw amsterdam,5.8833,-55.0833,28.83,70,68,5.36,SR,1715193776
538,nouadhibou,20.931,-17.0347,19.99,83,20,9.26,MR,1715193776
539,minas de marcona,-15.2119,-75.1103,18.38,68,73,8.51,PE,1715193776
540,sinop,41.7711,34.8709,12.26,67,8,2.34,TR,1715193776
541,kuusamo,65.9667,29.1833,1.02,44,0,2.57,FI,1715193776
542,tinajo,29.0788,-13.7081,23.49,64,0,8.23,ES,1715193776
543,ostersund,63.1792,14.6357,4.25,81,100,3.6,SE,1715193776
544,piatykhatky,48.4133,33.7106,8.92,59,93,3.22,UA,1715193776
545,keetmanshoop,-26.5833,18.1333,22.51,35,0,2.06,NA,1715193776
546,fort mcmurray,56.7268,-111.381,13.77,62,0,2.06,CA,1715193776
547,rio gallegos,-51.6226,-69.2181,2.03,100,20,0.0,AR,1715193494
548,bara,10.3744,10.7288,33.99,23,51,2.65,NG,1715193776
549,tres arroyos,-38.3739,-60.2798,12.15,45,8,9.93,AR,1715193776
550,katsuura,35.1333,140.3,13.56,88,100,9.85,JP,1715193776
551,bogotol,56.2078,89.5342,5.29,70,11,3.31,RU,1715193776
552,tolbazy,54.0241,55.8825,4.05,91,100,6.6,RU,1715193776
553,wad rawah,15.1603,33.1397,31.94,8,77,4.13,SD,1715193776
554,parauapebas,-6.0675,-49.9022,31.99,65,40,3.09,BR,1715193776
555,mugia,43.1041,-9.2179,15.67,83,51,4.17,ES,1715193776
556,monrovia,6.3005,-10.7969,29.87,81,100,3.95,LR,1715193520
557,tenno,39.9,139.9667,8.75,74,100,3.28,JP,1715193777
558,richards bay,-28.783,32.0377,21.71,83,28,3.59,ZA,1715193777
559,naracoorte,-36.9579,140.7383,9.7,64,0,1.93,AU,1715193777
560,pangody,65.85,74.4859,-14.12,100,87,2.66,RU,1715193777
561,sredets,42.3475,27.179,15.06,93,100,4.99,BG,1715193777
562,mtimbira,-8.7833,36.35,21.7,91,97,1.19,TZ,1715193777
563,yigo village,13.5361,144.8886,27.16,88,75,5.14,GU,1715193777
564,umuarama,-23.7664,-53.325,33.9,27,1,5.3,BR,1715193675
565,portales,34.1862,-103.3344,28.52,9,0,9.32,US,1715193777
566,port alberni,49.2413,-124.8028,17.18,59,13,0.89,CA,1715193777
567,ziguinchor,12.5833,-16.2719,33.11,55,0,7.2,SN,1715193777
568,poronaysk,49.2167,143.1167,-0.73,80,9,1.34,RU,1715193777
569,hinton,53.4001,-117.5857,14.55,28,1,2.14,CA,1715193777
570,lerwick,60.1545,-1.1494,9.0,98,100,6.57,GB,1715193777
571,guarapari,-20.6667,-40.4975,27.72,76,2,6.0,BR,1715193778
